{
  "minMax0": [
    [
      0.0,
      0.023809522
    ],
    [
      0.0625,
      0.23684211
    ],
    [
      0.1254902,
      0.14901961
    ]
  ],
  "list0": [
    [
      0.0,
      0.14285715,
      0.13725491
    ],
    [
      0.0,
      0.14285715,
      0.13725491
    ],
    [
      0.0,
      0.14285715,
      0.13725491
    ],
    [
      0.0,
      0.14285715,
      0.13725491
    ],
    [
      0.0,
      0.14285715,
      0.13725491
    ],
    [
      0.0,
      0.14285715,
      0.13725491
    ],
    [
      0.0,
      0.14285715,
      0.13725491
    ],
    [
      0.0,
      0.14285715,
      0.13725491
    ],
    [
      0.0,
      0.14285715,
      0.13725491
    ],
    [
      0.0,
      0.14285715,
      0.13725491
    ],
    [
      0.0,
      0.14285715,
      0.13725491
    ],
    [
      0.0,
      0.14285715,
      0.13725491
    ],
    [
      0.0,
      0.14285715,
      0.13725491
    ],
    [
      0.0,
      0.14285715,
      0.13725491
    ],
    [
      0.0,
      0.14285715,
      0.13725491
    ],
    [
      0.0,
      0.14285715,
      0.13725491
    ],
    [
      0.0,
      0.14285715,
      0.13725491
    ],
    [
      0.0,
      0.0625,
      0.1254902
    ],
    [
      0.0,
      0.0625,
      0.1254902
    ],
    [
      0.0,
      0.0625,
      0.1254902
    ],
    [
      0.0,
      0.0625,
      0.1254902
    ],
    [
      0.023809522,
      0.19444445,
      0.14117648
    ],
    [
      0.0,
      0.23684211,
      0.14901961
    ],
    [
      0.0,
      0.21052632,
      0.14901961
    ],
    [
      0.0,
      0.21052632,
      0.14901961
    ],
    [
      0.0,
      0.21052632,
      0.14901961
    ],
    [
      0.0,
      0.21052632,
      0.14901961
    ],
    [
      0.0,
      0.21052632,
      0.14901961
    ],
    [
      0.0,
      0.21052632,
      0.14901961
    ],
    [
      0.0,
      0.21052632,
      0.14901961
    ],
    [
      0.0,
      0.21052632,
      0.14901961
    ],
    [
      0.0,
      0.21052632,
      0.14901961
    ],
    [
      0.0,
      0.21052632,
      0.14901961
    ],
    [
      0.0,
      0.21052632,
      0.14901961
    ],
    [
      0.0,
      0.21052632,
      0.14901961
    ],
    [
      0.0,
      0.21052632,
      0.14901961
    ],
    [
      0.0,
      0.1891892,
      0.14509805
    ],
    [
      0.0,
      0.1891892,
      0.14509805
    ],
    [
      0.0,
      0.1891892,
      0.14509805
    ],
    [
      0.0,
      0.1891892,
      0.14509805
    ],
    [
      0.0,
      0.1891892,
      0.14509805
    ],
    [
      0.0,
      0.1891892,
      0.14509805
    ],
    [
      0.0,
      0.21052632,
      0.14901961
    ],
    [
      0.0,
      0.1891892,
      0.14509805
    ],
    [
      0.0,
      0.1891892,
      0.14509805
    ],
    [
      0.0,
      0.1891892,
      0.14509805
    ],
    [
      0.0,
      0.1891892,
      0.14509805
    ],
    [
      0.0,
      0.16666667,
      0.14117648
    ],
    [
      0.0,
      0.1891892,
      0.14509805
    ],
    [
      0.023809522,
      0.1891892,
      0.14509805
    ],
    [
      0.0,
      0.16666667,
      0.14117648
    ],
    [
      0.0,
      0.16666667,
      0.14117648
    ],
    [
      0.0,
      0.16666667,
      0.14117648
    ],
    [
      0.0,
      0.16666667,
      0.14117648
    ],
    [
      0.0,
      0.16666667,
      0.14117648
    ],
    [
      0.0,
      0.16666667,
      0.14117648
    ],
    [
      0.0,
      0.16666667,
      0.14117648
    ],
    [
      0.0,
      0.16666667,
      0.14117648
    ],
    [
      0.0,
      0.16666667,
      0.14117648
    ],
    [
      0.0,
      0.16666667,
      0.14117648
    ],
    [
      0.0,
      0.16666667,
      0.14117648
    ],
    [
      0.0,
      0.16666667,
      0.14117648
    ],
    [
      0.0,
      0.16666667,
      0.14117648
    ],
    [
      0.0,
      0.16666667,
      0.14117648
    ],
    [
      0.0,
      0.16666667,
      0.14117648
    ],
    [
      0.0,
      0.16666667,
      0.14117648
    ],
    [
      0.0,
      0.16666667,
      0.14117648
    ],
    [
      0.0,
      0.16666667,
      0.14117648
    ],
    [
      0.0,
      0.16666667,
      0.14117648
    ],
    [
      0.0,
      0.16666667,
      0.14117648
    ],
    [
      0.0,
      0.16666667,
      0.14117648
    ],
    [
      0.0,
      0.16666667,
      0.14117648
    ],
    [
      0.0,
      0.16666667,
      0.14117648
    ],
    [
      0.0,
      0.16666667,
      0.14117648
    ],
    [
      0.0,
      0.16666667,
      0.14117648
    ],
    [
      0.0,
      0.14285715,
      0.13725491
    ],
    [
      0.0,
      0.14285715,
      0.13725491
    ],
    [
      0.0,
      0.16666667,
      0.14117648
    ],
    [
      0.0,
      0.21052632,
      0.14901961
    ],
    [
      0.0,
      0.16666667,
      0.14117648
    ],
    [
      0.0,
      0.16666667,
      0.14117648
    ],
    [
      0.0,
      0.16666667,
      0.14117648
    ],
    [
      0.0,
      0.16666667,
      0.14117648
    ],
    [
      0.0,
      0.16666667,
      0.14117648
    ],
    [
      0.0,
      0.16666667,
      0.14117648
    ],
    [
      0.0,
      0.16666667,
      0.14117648
    ],
    [
      0.0,
      0.16666667,
      0.14117648
    ],
    [
      0.0,
      0.16666667,
      0.14117648
    ],
    [
      0.0,
      0.16666667,
      0.14117648
    ],
    [
      0.0,
      0.16666667,
      0.14117648
    ],
    [
      0.0,
      0.16666667,
      0.14117648
    ],
    [
      0.0,
      0.16666667,
      0.14117648
    ],
    [
      0.018518517,
      0.23684211,
      0.14901961
    ],
    [
      0.023809522,
      0.19444445,
      0.14117648
    ],
    [
      0.0,
      0.16666667,
      0.14117648
    ],
    [
      0.0,
      0.16666667,
      0.14117648
    ],
    [
      0.0,
      0.16666667,
      0.14117648
    ]
  ]
}