{
  "minMax0": [
    [
      0.9862259,
      0.9862259
    ],
    [
      0.79605263,
      0.79605263
    ],
    [
      0.59607846,
      0.59607846
    ]
  ],
  "list0": [
    [
      0.9862259,
      0.79605263,
      0.59607846
    ],
    [
      0.9862259,
      0.79605263,
      0.59607846
    ],
    [
      0.9862259,
      0.79605263,
      0.59607846
    ],
    [
      0.9862259,
      0.79605263,
      0.59607846
    ],
    [
      0.9862259,
      0.79605263,
      0.59607846
    ],
    [
      0.9862259,
      0.79605263,
      0.59607846
    ],
    [
      0.9862259,
      0.79605263,
      0.59607846
    ],
    [
      0.9862259,
      0.79605263,
      0.59607846
    ],
    [
      0.9862259,
      0.79605263,
      0.59607846
    ],
    [
      0.9862259,
      0.79605263,
      0.59607846
    ],
    [
      0.9862259,
      0.79605263,
      0.59607846
    ],
    [
      0.9862259,
      0.79605263,
      0.59607846
    ],
    [
      0.9862259,
      0.79605263,
      0.59607846
    ],
    [
      0.9862259,
      0.79605263,
      0.59607846
    ],
    [
      0.9862259,
      0.79605263,
      0.59607846
    ],
    [
      0.9862259,
      0.79605263,
      0.59607846
    ],
    [
      0.9862259,
      0.79605263,
      0.59607846
    ],
    [
      0.9862259,
      0.79605263,
      0.59607846
    ],
    [
      0.9862259,
      0.79605263,
      0.59607846
    ],
    [
      0.9862259,
      0.79605263,
      0.59607846
    ],
    [
      0.9862259,
      0.79605263,
      0.59607846
    ],
    [
      0.9862259,
      0.79605263,
      0.59607846
    ],
    [
      0.9862259,
      0.79605263,
      0.59607846
    ],
    [
      0.9862259,
      0.79605263,
      0.59607846
    ],
    [
      0.9862259,
      0.79605263,
      0.59607846
    ],
    [
      0.9862259,
      0.79605263,
      0.59607846
    ],
    [
      0.9862259,
      0.79605263,
      0.59607846
    ],
    [
      0.9862259,
      0.79605263,
      0.59607846
    ],
    [
      0.9862259,
      0.79605263,
      0.59607846
    ]
  ]
}